<?xml version="1.0" encoding="UTF-8"?>
<beans xmlns="http://www.springframework.org/schema/beans"
	xmlns:xsi="http://www.w3.org/2001/XMLSchema-instance" xmlns:p="http://www.springframework.org/schema/p"
	xmlns:context="http://www.springframework.org/schema/context" xmlns:tx="http://www.springframework.org/schema/tx"
	xsi:schemaLocation="  
    http://www.springframework.org/schema/beans   
    http://www.springframework.org/schema/beans/spring-beans-3.0.xsd  
    http://www.springframework.org/schema/tx   
    http://www.springframework.org/schema/tx/spring-tx-3.0.xsd   
    http://www.springframework.org/schema/context   
    http://www.springframework.org/schema/context/spring-context-3.0.xsd">

	<!-- 引入jdbc配置文件 -->
	<context:property-placeholder location="classpath:jdbc.properties" />

	<!--创建jdbc数据源 -->
	<bean id="dataSource" class="org.apache.commons.dbcp.BasicDataSource"
		destroy-method="close">
		<property name="driverClassName" value="${driver}" />
		<property name="url" value="${url}" />
		<property name="username" value="${username}" />
		<property name="password" value="${password}" />
		<property name="maxActive" value="100" />
		<property name="maxIdle" value="30" />
		<property name="maxWait" value="1000" />
		<property name="defaultAutoCommit" value="true" />
		<property name="validationQuery" value="select 1 from dual" />
		<property name="testOnBorrow" value="true"></property>
		<property name="testWhileIdle" value="true"></property>
	</bean>

	<!-- (事务管理)transaction manager, use JtaTransactionManager for global tx -->
	<bean id="transactionManager"
		class="org.springframework.jdbc.datasource.DataSourceTransactionManager">
		<property name="dataSource" ref="dataSource" />
	</bean>

	<!-- 可通过注解控制事务 -->
	<tx:annotation-driven />


	<!-- 自动扫描了所有的XxxxMapper.xml对应的mapper接口文件，这样就不用一个一个手动配置Mpper的映射了，只要Mapper接口类和Mapper映射文件对应起来就可以了。 -->
	<bean class="org.mybatis.spring.mapper.MapperScannerConfigurer">
		<property name="basePackage" value="com.xa.qyw.dao" />
	</bean>

	<!-- 配置Mybatis的文件 ，mapperLocations配置**Mapper.xml文件位置，configLocation配置mybatis-config文件位置 -->
	<bean id="sqlSessionFactory" class="org.mybatis.spring.SqlSessionFactoryBean">
		<property name="dataSource" ref="dataSource" />
		<property name="mapperLocations" value="classpath*:com/xa/qyw/mapper/**/*.xml" />
		<property name="configLocation" value="classpath:mybatis-config.xml" />
	</bean>

</beans>  