<?xml version="1.0" encoding="UTF-8"?>
<beans default-lazy-init="true"
	xmlns="http://www.springframework.org/schema/beans" xmlns:p="http://www.springframework.org/schema/p"
	xmlns:xsi="http://www.w3.org/2001/XMLSchema-instance" xmlns:context="http://www.springframework.org/schema/context"
	xmlns:mvc="http://www.springframework.org/schema/mvc"
	xsi:schemaLocation="  
       http://www.springframework.org/schema/beans   
       http://www.springframework.org/schema/beans/spring-beans-3.0.xsd  
       http://www.springframework.org/schema/mvc   
       http://www.springframework.org/schema/mvc/spring-mvc-3.0.xsd   
       http://www.springframework.org/schema/context  
       http://www.springframework.org/schema/context/spring-context-3.0.xsd">

	<!-- 使用注解的包，包括子集 -->
	<context:component-scan base-package="com.xa.qyw" />
	<!-- 通过注解，把URL映射到Controller上，该标签默认注册DefaultAnnotationHandlerMapping和AnnotationMethodHandlerAdapter -->
	
	<bean
		class="org.springframework.web.servlet.mvc.annotation.AnnotationMethodHandlerAdapter">

		<property name="messageConverters">
			<list>
				<bean
					class="org.springframework.http.converter.StringHttpMessageConverter">
					<property name="supportedMediaTypes">
						<list>
							<bean class="org.springframework.http.MediaType">
								<constructor-arg index="0" value="text" />
								<constructor-arg index="1" value="plain" />
								<constructor-arg index="2" value="UTF-8" />
							</bean>
						</list>
					</property>
				</bean>
			</list>
		</property>


	</bean>
	<!-- 视图解析器 -->
	<bean id="multipartResolver"
		class="org.springframework.web.multipart.commons.CommonsMultipartResolver"
		p:defaultEncoding="UTF-8" />

	<!-- InternalResourceViewResolver默认的就是JstlView所以这里就不用配置viewClass了 -->
	<bean
		class="org.springframework.web.servlet.view.InternalResourceViewResolver"
		p:prefix="/WEB-INF/views/" p:suffix=".jsp" />


</beans>  