<?xml version="1.0" encoding="UTF-8"?>  
<!DOCTYPE mapper PUBLIC "-//mybatis.org//DTD Mapper 3.0//EN"  
"http://mybatis.org/dtd/mybatis-3-mapper.dtd">
<mapper namespace="com.xa.qyw.dao.AppCrashDao">
	<!--设置domain类和数据库中表的字段一一对应，注意数据库字段和domain类中的字段名称不致，此处一定要！ -->

	<resultMap id="AppCrash" type="com.xa.qyw.entiy.AppCrash">
		<id column="id" property="id" />
		<result column="user_id" property="userId" />
		<result column="crash_device_info" property="deviceInfo" />
		<result column="crash_content" property="content" />
		<result column="is_solve" property="isSolve" />
		<result column="create_time" property="createTime" />
	</resultMap>
	<!-- 查询单条记录 -->


	<insert id="insertAppCrash" parameterType="com.xa.qyw.entiy.AppCrash">
		insert into
		yht_app_crash_log
		(user_id,crash_device_info,crash_content,is_solve,create_time) values
		(#{userId},#{deviceInfo},#{content},#{isSolve},#{createTime})
	</insert>


</mapper>