<?xml version="1.0" encoding="UTF-8"?>  
<!DOCTYPE mapper PUBLIC "-//mybatis.org//DTD Mapper 3.0//EN"  
"http://mybatis.org/dtd/mybatis-3-mapper.dtd">
<mapper namespace="com.xa.qyw.dao.TypeDao">


	<resultMap id="ShopType" type="com.xa.qyw.entiy.ShopType">
		<id column="id" property="id"/>
		<result column="type_name" property="name" />
		<result column="first_type_id" property="firstId" />
		<result column="second_type_id" property="secondId" />
		<result column="type_hot" property="isHot" />
	</resultMap>
	
	
	
	<select id="getAllType" resultMap="ShopType">
		SELECT * FROM yht_shop_type
	</select>



</mapper>
