<?xml version="1.0" encoding="UTF-8"?>  
<!DOCTYPE mapper PUBLIC "-//mybatis.org//DTD Mapper 3.0//EN"  
"http://mybatis.org/dtd/mybatis-3-mapper.dtd">
<mapper namespace="com.xa.qyw.dao.UserDao">
	<!--设置domain类和数据库中表的字段一一对应，注意数据库字段和domain类中的字段名称不致，此处一定要！ -->

	<resultMap id="User" type="com.xa.qyw.entiy.User">
		<id column="id" property="id" jdbcType="INTEGER" />
		<result column="user_id" property="userId" />
		<result column="user_name" property="userName" />
		<result column="nick_name" property="nickName" />
		<result column="type" property="type" />
		<result column="token" property="token" />
		<result column="login_count" property="loginCount" />
		<result column="password" property="password" />
	</resultMap>

	<resultMap id="SimpleUser" type="com.xa.qyw.entiy.SimpleUser">
		<result column="user_photo" property="userPhoto" />
		<result column="user_name" property="userName" />
		<result column="user_sex" property="sex" />
		<result column="user_address" property="address" />
		<result column="user_detail_address" property="detailAddress" />
	</resultMap>

	<resultMap id="SimpUser" type="com.xa.qyw.entiy.SimpUser">
		<id column="id" property="id" jdbcType="INTEGER" />
		<result column="user_id" property="userId" />
		<result column="user_name" property="userName" />
	</resultMap>

	<!-- 查询单条记录 -->

	<insert id="insertUser" parameterType="java.util.HashMap">

		INSERT INTO yht_user
		(id,user_name,password) values (#{id,
		jdbcType=INTEGER},#{user_name,
		jdbcType=CHAR},#{password,
		jdbcType=CHAR})

	</insert>


	<select id="getMaxId" resultType="int">
		select max(id) from yht_user

	</select>

	<select id="getAllUser" resultMap="SimpUser">
		select
		id,user_id,user_name
		from yht_user;
	</select>

	<update id="updatePasswrod" parameterType="com.xa.qyw.entiy.User">

		UPDATE yht_user u SET
		u.`password` =#{password} WHERE u.user_id = #{userId}

	</update>
	
	<update id="updateInvitePhone" parameterType="com.xa.qyw.entiy.User">
	
		UPDATE yht_user u SET
		u.invite_phone =#{invitePhone} WHERE u.user_id = #{userId}
		
	</update>


	<update id="updateUserName" parameterType="com.xa.qyw.entiy.SimpUser">
		UPDATE yht_user u SET
		u.user_name =#{userName} WHERE u.user_id = #{userId}
	</update>



	<insert id="addUser" parameterType="com.xa.qyw.entiy.User">
		INSERT INTO yht_user
		(id,user_id,user_name,password,type,invite_phone,login_count) values
		(#{id},#{userId},#{userName},#{password},#{type},#{invitePhone},#{loginCount})
	</insert>

	<select id="getUserById" parameterType="com.xa.qyw.entiy.User"
		resultMap="User">
		SELECT id,user_id,user_name,`password`,type,login_count FROM yht_user
		WHERE
		user_name =
		#{userName} AND `password` = #{password}
	</select>

	<select id="getDoctorName" parameterType="int" resultMap="SimpleUser">
		SELECT
		doctor_name as user_name,doctor_photo AS user_photo FROM
		yht_doctor_info WHERE user_id = #{id}
	</select>

	<select id="getUserByUserName" parameterType="java.lang.String"
		resultMap="SimpUser">
		select id,user_id,user_name from yht_user where user_name =
		#{userName}
	</select>

	<select id="getUserName" parameterType="java.lang.String"
		resultMap="SimpleUser">
		select user_nick_name as user_name,user_sex,user_address,user_detail_address,user_photo from yht_user_info where user_id
		= #{userId}
	</select>

	<insert id="addUserInfo" parameterType="com.xa.qyw.entiy.User">
		insert into yht_user_info
		(id,user_id,user_sex,user_photo,user_nick_name,user_address,user_detail_address)
		values
		(#{id},#{userId},#{sex},#{userPhoto},#{nickName},#{address},#{detailAddress})
	</insert>

	<update id="updateUserInfo" parameterType="com.xa.qyw.entiy.User">
		UPDATE yht_user_info
		set user_sex = #{sex},user_photo = #{userPhoto},user_nick_name =
		#{nickName},user_address = #{address},user_detail_address =
		#{detailAddress} WHERE user_id = #{userId}
	</update>
	
	<update id="updateUserPhoto" parameterType="com.xa.qyw.entiy.User">
	UPDATE yht_user_info
		set user_photo = #{userPhoto} WHERE user_id = #{userId}
	</update>
	
	<update id="updateUserLoginCount" parameterType="com.xa.qyw.entiy.User">
	UPDATE yht_user
		set login_count = #{loginCount} WHERE user_id = #{userId}
	</update>
	
	<select id="queryUser" parameterType="java.lang.String" resultMap="User">
		SELECT * FROM yht_user WHERE user_id = #{userId}
	</select>
	
	<delete id="deleteUser" parameterType="java.lang.String">
		delete from yht_user where user_id = #{userId}
	</delete>

</mapper>